{
  "timestamp": "2025-09-20T16:21:12.981321",
  "best_strategy": {
    "name": "Conservative",
    "menthorq_weight": 0.9,
    "battle_navale_weight": 0.1,
    "min_menthorq_confidence": 0.8,
    "min_battle_navale_confidence": 0.2,
    "scenario_filters": [
      "sideways"
    ],
    "risk_management": {
      "stop_loss_pct": 0.3,
      "take_profit_pct": 1.0,
      "max_position_size": 0.8
    }
  },
  "performance": {
    "total_signals": 142,
    "winning_signals": 84,
    "winrate": 59.154929577464785,
    "avg_pnl": 0.0635160689190849,
    "max_drawdown": 0.0,
    "profit_factor": Infinity,
    "sharpe_ratio": 2288407554528236.0,
    "menthorq_signals": 108,
    "battle_navale_signals": 4,
    "hybrid_signals": 30
  },
  "all_strategies": [
    {
      "name": "MenthorQ_Dominant",
      "menthorq_weight": 0.8,
      "battle_navale_weight": 0.2,
      "winrate": 53.896103896103895,
      "avg_pnl": -0.04254776186629126,
      "profit_factor": 0.5408340859111047,
      "sharpe_ratio": -0.1641415181950526,
      "total_signals": 154
    },
    {
      "name": "Balanced",
      "menthorq_weight": 0.6,
      "battle_navale_weight": 0.4,
      "winrate": 47.019867549668874,
      "avg_pnl": -0.16787037770656826,
      "profit_factor": 0.16789936385920975,
      "sharpe_ratio": -0.4203043101371365,
      "total_signals": 151
    },
    {
      "name": "Optimal",
      "menthorq_weight": 0.8075636252139996,
      "battle_navale_weight": 0.1924363747860005,
      "winrate": 54.60526315789473,
      "avg_pnl": -0.0352626252633947,
      "profit_factor": 0.5923925928259557,
      "sharpe_ratio": -0.14204057795290673,
      "total_signals": 152
    },
    {
      "name": "Conservative",
      "menthorq_weight": 0.9,
      "battle_navale_weight": 0.1,
      "winrate": 59.154929577464785,
      "avg_pnl": 0.0635160689190849,
      "profit_factor": Infinity,
      "sharpe_ratio": 2288407554528236.0,
      "total_signals": 142
    }
  ]
}