{
  "scenario": "bullish",
  "timestamp": "2025-09-20T16:19:14.740880",
  "battle_navale": {
    "total_signals": 180,
    "winning_signals": 1,
    "winrate": 0.5555555555555556,
    "avg_pnl": -1.120416123299275,
    "max_drawdown": 200.1593437449558,
    "profit_factor": 6.873191949460341e-05,
    "sharpe_ratio": -3.0733251156360044,
    "execution_time_ms": 6.061799998860806
  },
  "menthorq": {
    "total_signals": 9,
    "winning_signals": 7,
    "winrate": 77.77777777777779,
    "avg_pnl": 0.5072232228394111,
    "max_drawdown": 1.348393527477918,
    "profit_factor": 2.5939544528628824,
    "sharpe_ratio": 0.47787016028164125,
    "execution_time_ms": 5.725800001528114
  }
}