{
  "scenario": "sideways",
  "timestamp": "2025-09-20T16:19:43.018233",
  "battle_navale": {
    "total_signals": 103,
    "winning_signals": 38,
    "winrate": 36.89320388349515,
    "avg_pnl": -0.0720201640735845,
    "max_drawdown": 12.755085309526415,
    "profit_factor": 0.6588471919214511,
    "sharpe_ratio": -0.16694226145390792,
    "execution_time_ms": 5.683800001861528
  },
  "menthorq": {
    "total_signals": 200,
    "winning_signals": 116,
    "winrate": 57.99999999999999,
    "avg_pnl": 0.08445256019437533,
    "max_drawdown": 8.39003922753372,
    "profit_factor": 1.8734590030764127,
    "sharpe_ratio": 0.24410180830544448,
    "execution_time_ms": 6.055599995306693
  }
}