{
  "bullish": {
    "total_signals": 160,
    "winning_signals": 25,
    "losing_signals": 135,
    "winrate": 15.736118000000001,
    "avg_win": 2.904,
    "avg_loss": 0.36800000000000005,
    "profit_factor": 1.4736859190905107,
    "expected_value": 0.14688578096,
    "sharpe_ratio": 0.737
  },
  "bearish": {
    "total_signals": 190,
    "winning_signals": 30,
    "losing_signals": 160,
    "winrate": 16.155474,
    "avg_win": 2.8960000000000004,
    "avg_loss": 3.2579999999999996,
    "profit_factor": 0.1712744053599079,
    "expected_value": -2.2637921300399997,
    "sharpe_ratio": -0.424
  },
  "sideways": {
    "total_signals": 145,
    "winning_signals": 8,
    "losing_signals": 137,
    "winrate": 5.8982304999999995,
    "avg_win": 1.82,
    "avg_loss": 1.365,
    "profit_factor": 0.08357236399612371,
    "expected_value": -1.1771413585750001,
    "sharpe_ratio": 0.005
  },
  "volatile": {
    "total_signals": 257,
    "winning_signals": 33,
    "losing_signals": 224,
    "winrate": 13.155506,
    "avg_win": 6.3,
    "avg_loss": 4.725,
    "profit_factor": 0.20197797072393175,
    "expected_value": -3.2746054635,
    "sharpe_ratio": 0.006
  },
  "breakout": {
    "total_signals": 211,
    "winning_signals": 36,
    "losing_signals": 175,
    "winrate": 17.105062500000003,
    "avg_win": 5.328,
    "avg_loss": 1.2720000000000002,
    "profit_factor": 0.8643184064529739,
    "expected_value": -0.14306587500000012,
    "sharpe_ratio": 0.58
  },
  "reversal": {
    "total_signals": 244,
    "winning_signals": 33,
    "losing_signals": 211,
    "winrate": 13.721878000000002,
    "avg_win": 4.6240000000000006,
    "avg_loss": 5.202,
    "profit_factor": 0.1413710058372491,
    "expected_value": -3.85368826772,
    "sharpe_ratio": -0.158
  }
}