{
  "timestamp": "2025-08-16T20:52:52.449364",
  "cumulative_delta": {
    "current_delta": -135615969.7201109,
    "buyer_ratio": 0.39913085947083127,
    "seller_ratio": 0.6008691405291687,
    "data_points": 390,
    "final_price": 6449.503380225919,
    "delta_change": -135615969.7201109
  },
  "bid_ask_imbalance": {
    "bid_price": 6449.4624288890645,
    "ask_price": 6450.1371804859355,
    "spread": 0.6747515968703572,
    "bid_volume": 1528.9713509722915,
    "ask_volume": 1000,
    "imbalance": -0.2091646276534222,
    "imbalance_percent": -20.91646276534222,
    "mid_price": 6449.7998046875
  },
  "aggressive_flow": {
    "aggressive_buys": 915012000.0,
    "aggressive_sells": 1830024000.0,
    "net_flow": -915012000.0,
    "flow_direction": "BEARISH",
    "flow_intensity": 2.8971350972291523,
    "buy_pressure": 0.2,
    "sell_pressure": 0.4,
    "pressure_ratio": 0.5
  },
  "options_flow": {
    "total_put_volume": 7805,
    "total_call_volume": 7805,
    "put_call_ratio": 1.1,
    "unusual_activity_count": 0,
    "unusual_activity": [],
    "gamma_exposure": {
      "gex1": 5991.529676001053,
      "gex2": 6921.415480460696,
      "current_price": 6449.7998046875
    },
    "flow_analysis": {
      "sentiment": "NEUTRAL",
      "pressure": "BALANCED",
      "risk_level": "LOW"
    }
  },
  "market_microstructure": {
    "vwap": 6449.7998046875,
    "poc": 6449.7998046875,
    "value_area": {
      "high": 6482.048803710937,
      "low": 6417.550805664063,
      "width": 64.49799804687427
    },
    "market_efficiency": 0.9476920511253721,
    "liquidity_score": 4575.06,
    "volatility_regime": "LOW",
    "microstructure_analysis": {
      "fair_value": 6449.7998046875,
      "deviation": 0,
      "efficiency_rating": 0.9476920511253721
    }
  },
  "success": false,
  "errors": []
}